{
  "best_candidate": "cycle_010_cand_0",
  "best_search_score": 0.8955249999999999,
  "best_search_cost": 3421744,
  "baseline": {
    "total": 40,
    "passed": 30,
    "pass_rate": 0.75,
    "avg_score": 0.813625
  },
  "final_eval": {
    "total": 40,
    "passed": 32,
    "pass_rate": 0.8,
    "avg_score": 0.852
  },
  "score_history": [
    0.813625,
    0.8599,
    0.87155,
    0.8736499999999999,
    0.84885,
    0.870525,
    0.89405,
    0.8832000000000001,
    0.86405,
    0.868625,
    0.8955249999999999
  ],
  "solver_model": "us.anthropic.claude-opus-4-6-v1",
  "proposer_model": "us.anthropic.claude-opus-4-6-v1",
  "eval_model": "us.anthropic.claude-opus-4-6-v1",
  "max_cycles": 10,
  "num_candidates": 2,
  "num_tasks": 40,
  "total_wall_time_sec": 12612.8012444973,
  "timestamp": "2026-04-03T02:20:34.976826"
}